Zone,Code zone,Kcal_vegetaux,Kcal_animaux,Population_milliers,SousAlimentation_millions,Disponibilite_calorique_totale_kcal,Population_totale,Taux_sousnutrition_pct,Part_animaux_pct,Part_vegetaux_pct
Afghanistan,2,1871.0,216.0,30552,7.9,2087.0,30552000,25.857554333595186,10.349784379492094,89.65021562050791
Afrique du Sud,202,2533.0,487.0,52776,2.6,3020.0,52776000,4.9264817341215705,16.125827814569536,83.87417218543047
Albanie,3,2203.0,985.0,3173,0.2,3188.0,3173000,6.303183107469272,30.897114178168128,69.10288582183188
Algérie,4,2915.0,378.0,39208,1.7,3293.0,39208000,4.335849826566007,11.478894624962042,88.52110537503796
Angola,7,2221.0,253.0,21472,8.1,2474.0,21472000,37.72354694485842,10.22635408245756,89.77364591754244
Arabie saoudite,194,2736.0,519.0,28829,1.6,3255.0,28829000,5.549967047070658,15.944700460829491,84.0552995391705
Argentine,9,2239.0,987.0,41446,1.5,3226.0,41446000,3.6191671090093136,30.59516429014259,69.40483570985741
Arménie,1,2140.0,784.0,2977,0.1,2924.0,2977000,3.359086328518643,26.812585499316004,73.18741450068399
Bangladesh,16,2345.0,108.0,156595,26.1,2453.0,156595000,16.66719882499441,4.4027721157766,95.5972278842234
Bolivie (État plurinational de),19,1790.0,460.0,10671,2.2,2250.0,10671000,20.61662449629838,20.444444444444446,79.55555555555556
Botswana,20,1948.0,377.0,2021,0.5,2325.0,2021000,24.740227610094013,16.21505376344086,83.78494623655914
Bulgarie,27,2148.0,680.0,7223,0.4,2828.0,7223000,5.5378651529835246,24.045261669024047,75.95473833097596
Burkina Faso,233,2558.0,159.0,16935,3.4,2717.0,16935000,20.076764098021847,5.852042694147958,94.14795730585205
Bénin,53,2491.0,128.0,10323,1.0,2619.0,10323000,9.68710646130001,4.887361588392516,95.11263841160749
Cambodge,115,2264.0,209.0,15135,2.8,2473.0,15135000,18.50016518004625,8.451273756570966,91.54872624342903
Cameroun,32,2542.0,127.0,22254,1.7,2669.0,22254000,7.639076121146759,4.7583364556013485,95.24166354439865
Chili,40,2226.0,754.0,17620,0.6,2980.0,17620000,3.40522133938706,25.302013422818792,74.69798657718121
Chine,351,2384.0,728.0,1416667,137.7,3112.0,1416667000,9.719997712941716,23.39331619537275,76.60668380462725
Colombie,44,2304.0,496.0,48321,4.1,2800.0,48321000,8.484923739161026,17.71428571428571,82.28571428571428
Congo,46,2021.0,185.0,4448,1.8,2206.0,4448000,40.46762589928058,8.386219401631912,91.6137805983681
Costa Rica,48,2213.0,633.0,4872,0.3,2846.0,4872000,6.157635467980295,22.24174279690794,77.75825720309206
Côte d'Ivoire,107,2683.0,114.0,20316,4.7,2797.0,20316000,23.134475290411498,4.0757954951734,95.9242045048266
Djibouti,72,2376.0,233.0,873,0.2,2609.0,873000,22.90950744558992,8.930624760444616,91.06937523955538
El Salvador,60,2144.0,432.0,6340,0.7,2576.0,6340000,11.041009463722396,16.77018633540373,83.22981366459628
Eswatini,209,2063.0,263.0,1250,0.3,2326.0,1250000,24.0,11.306964746345658,88.69303525365434
Gabon,74,2413.0,413.0,1672,0.2,2826.0,1672000,11.961722488038278,14.61429582448691,85.38570417551308
Gambie,75,2457.0,164.0,1849,0.2,2621.0,1849000,10.816657652785288,6.257153758107592,93.74284624189241
Ghana,81,2874.0,140.0,25905,1.6,3014.0,25905000,6.176413819725922,4.644990046449901,95.3550099535501
Guatemala,89,2161.0,255.0,15468,2.5,2416.0,15468000,16.16239979312128,10.554635761589404,89.44536423841059
Guinée,90,2448.0,119.0,11745,1.8,2567.0,11745000,15.32567049808429,4.635761589403973,95.36423841059603
Guinée-Bissau,175,2120.0,168.0,1704,0.4,2288.0,1704000,23.474178403755868,7.3426573426573425,92.65734265734265
Géorgie,73,2401.0,501.0,4341,0.3,2902.0,4341000,6.91085003455425,17.26395589248794,82.73604410751206
Haïti,93,1935.0,154.0,10317,5.2,2089.0,10317000,50.40224871571193,7.371948300622308,92.62805169937769
Honduras,95,2277.0,362.0,8096,1.3,2639.0,8096000,16.057312252964426,13.717317165593027,86.28268283440697
Inde,100,2219.0,235.0,1252140,216.3,2454.0,1252140000,17.274426182375773,9.576202118989405,90.42379788101059
Indonésie,101,2594.0,182.0,249866,22.6,2776.0,249866000,9.044848038548665,6.556195965417867,93.44380403458213
Iran (République islamique d'),102,2784.0,305.0,77447,4.2,3089.0,77447000,5.423063514403399,9.873745548721269,90.12625445127873
Iraq,103,2376.0,166.0,33765,9.1,2542.0,33765000,26.95098474751962,6.530291109362707,93.46970889063729
Jamaïque,109,2230.0,512.0,2784,0.3,2742.0,2784000,10.775862068965516,18.672501823486506,81.32749817651349
Jordanie,112,2747.0,352.0,7274,0.9,3099.0,7274000,12.372834753918063,11.358502742820264,88.64149725717974
Kenya,114,1929.0,276.0,44354,10.0,2205.0,44354000,22.545880867565497,12.51700680272109,87.48299319727892
Kirghizistan,113,2200.0,617.0,5548,0.4,2817.0,5548000,7.209805335255948,21.90273340433085,78.09726659566915
Lesotho,122,2364.0,164.0,2074,0.3,2528.0,2074000,14.464802314368368,6.487341772151899,93.5126582278481
Liban,121,2633.0,426.0,4822,0.5,3059.0,4822000,10.369141435089174,13.926119646943446,86.07388035305655
Libéria,123,2105.0,101.0,4294,1.6,2206.0,4294000,37.26129482999534,4.57842248413418,95.42157751586582
Madagascar,129,1907.0,149.0,22925,8.2,2056.0,22925000,35.76881134133042,7.247081712062258,92.75291828793775
Malaisie,131,2378.0,536.0,29717,1.0,2914.0,29717000,3.365077228522394,18.393960192175705,81.60603980782429
Malawi,130,2225.0,139.0,16363,3.2,2364.0,16363000,19.556316078958627,5.879864636209814,94.1201353637902
Mali,133,2520.0,367.0,15302,1.0,2887.0,15302000,6.535093451836362,12.712157949428473,87.28784205057153
Maroc,143,3071.0,331.0,33008,1.4,3402.0,33008000,4.241396025206011,9.729570840681951,90.27042915931804
Mauritanie,136,2384.0,491.0,3890,0.3,2875.0,3890000,7.712082262210797,17.078260869565216,82.92173913043477
Mexique,138,2441.0,627.0,122332,5.3,3068.0,122332000,4.332472288526305,20.4367666232073,79.5632333767927
Mongolie,141,1679.0,830.0,2839,0.5,2509.0,2839000,17.611835153222966,33.08090872857712,66.91909127142289
Mozambique,144,2179.0,103.0,25834,7.0,2282.0,25834000,27.096074940001547,4.513584574934268,95.48641542506573
Myanmar,28,2145.0,429.0,53259,6.6,2574.0,53259000,12.392271728721903,16.666666666666664,83.33333333333334
Namibie,147,1877.0,289.0,2303,0.7,2166.0,2303000,30.3951367781155,13.342566943674978,86.65743305632503
Nicaragua,157,2313.0,325.0,6080,1.1,2638.0,6080000,18.09210526315789,12.319939347990902,87.68006065200909
Niger,158,2344.0,205.0,17831,1.9,2549.0,17831000,10.655599798104424,8.042369556688897,91.9576304433111
Nigéria,159,2596.0,104.0,173615,13.4,2700.0,173615000,7.7182271117126975,3.851851851851852,96.14814814814815
Népal,149,2465.0,207.0,27797,2.5,2672.0,27797000,8.993776306795699,7.747005988023951,92.25299401197606
Oman,221,2497.0,643.0,3632,0.2,3140.0,3632000,5.506607929515418,20.477707006369428,79.52229299363057
Ouganda,226,1943.0,183.0,37579,12.6,2126.0,37579000,33.529364804811195,8.607714016933206,91.39228598306678
Ouzbékistan,235,2251.0,508.0,28934,2.1,2759.0,28934000,7.25789728347273,18.41246828561073,81.58753171438927
Pakistan,165,1907.0,531.0,182143,38.1,2438.0,182143000,20.917630652838703,21.78014766201805,78.21985233798195
Panama,166,2147.0,584.0,3864,0.4,2731.0,3864000,10.351966873706004,21.384108385206886,78.61589161479313
Paraguay,169,2032.0,552.0,6802,0.8,2584.0,6802000,11.761246692149369,21.36222910216718,78.63777089783281
Philippines,171,2180.0,388.0,98394,14.0,2568.0,98394000,14.228509868487915,15.109034267912772,84.89096573208724
Pérou,170,2389.0,308.0,30376,2.8,2697.0,30376000,9.217803529101923,11.420096403411199,88.5799035965888
Rwanda,184,2161.0,63.0,11777,3.6,2224.0,11777000,30.56805638108177,2.83273381294964,97.16726618705036
République centrafricaine,37,1673.0,206.0,4616,2.0,1879.0,4616000,43.32755632582322,10.96327833954231,89.03672166045769
République dominicaine,56,2224.0,387.0,10404,1.3,2611.0,10404000,12.49519415609381,14.821907315204902,85.17809268479509
République démocratique populaire lao,120,2236.0,219.0,6770,1.2,2455.0,6770000,17.725258493353028,8.920570264765784,91.07942973523421
République populaire démocratique de Corée,116,1963.0,130.0,24895,10.6,2093.0,24895000,42.57883109058044,6.211180124223603,93.7888198757764
République-Unie de Tanzanie,215,2060.0,144.0,49253,16.4,2204.0,49253000,33.29746411386108,6.533575317604355,93.46642468239564
Serbie,272,2025.0,700.0,9511,0.5,2725.0,9511000,5.257070760172431,25.688073394495415,74.31192660550458
Sierra Leone,197,2271.0,130.0,6092,1.6,2401.0,6092000,26.263952724885097,5.414410662224074,94.58558933777593
Slovaquie,199,2178.0,765.0,5450,0.2,2943.0,5450000,3.669724770642202,25.993883792048926,74.00611620795107
Soudan,276,1824.0,511.0,37964,8.3,2335.0,37964000,21.862817405963547,21.884368308351178,78.11563169164883
Sri Lanka,38,2371.0,166.0,21273,2.3,2537.0,21273000,10.811827198796596,6.543161214032321,93.45683878596768
Sénégal,195,2289.0,164.0,14133,1.9,2453.0,14133000,13.443713295124883,6.685690990623725,93.31430900937627
Tchad,39,1991.0,118.0,12825,4.9,2109.0,12825000,38.20662768031189,5.59506875296349,94.4049312470365
Thaïlande,216,2434.0,351.0,67011,5.6,2785.0,67011000,8.356836937219263,12.603231597845602,87.39676840215441
Timor-Leste,176,1884.0,245.0,1133,0.3,2129.0,1133000,26.478375992939103,11.507750117426022,88.49224988257399
Togo,217,2355.0,93.0,6817,1.3,2448.0,6817000,19.069972128502275,3.799019607843137,96.20098039215686
Tunisie,222,2971.0,378.0,10997,0.5,3349.0,10997000,4.546694553059925,11.286951328754851,88.71304867124515
Turkménistan,213,2152.0,684.0,5240,0.3,2836.0,5240000,5.7251908396946565,24.118476727785616,75.8815232722144
Venezuela (République bolivarienne du),236,2157.0,476.0,30405,1.9,2633.0,30405000,6.248972208518336,18.07823775161413,81.92176224838587
Viet Nam,237,2169.0,575.0,91680,10.4,2744.0,91680000,11.343804537521814,20.954810495626823,79.04518950437318
Yémen,249,2028.0,189.0,24407,7.2,2217.0,24407000,29.499733682959807,8.525033829499323,91.47496617050066
Zambie,251,1818.0,106.0,14539,7.0,1924.0,14539000,48.14636494944632,5.50935550935551,94.4906444906445
Zimbabwe,181,1935.0,178.0,14150,6.6,2113.0,14150000,46.64310954063604,8.424041646947469,91.57595835305253
Égypte,59,3188.0,330.0,82056,3.9,3518.0,82056000,4.752851711026616,9.38032973280273,90.61967026719728
Émirats arabes unis,225,2718.0,557.0,9346,0.4,3275.0,9346000,4.279905842071474,17.00763358778626,82.99236641221374
Équateur,58,1732.0,614.0,15738,1.3,2346.0,15738000,8.260261786758164,26.17220801364024,73.82779198635976
Éthiopie,238,2005.0,124.0,94101,25.3,2129.0,94101000,26.88600546221613,5.824330671676844,94.17566932832315
Allemagne,79,2461.0,1042.0,82727,-8477282.752966948,3503.0,82727000,-10.247298648527021,29.745932058235798,70.25406794176419
Antigua-et-Barbuda,8,1635.0,781.0,90,14516.690092219009,2416.0,90000,16.12965565802112,32.326158940397356,67.67384105960265
Australie,10,2227.0,1051.0,23343,-1237943.2599178774,3278.0,23343000,-5.303274043258696,32.06223306894448,67.93776693105552
Autriche,11,2633.0,1137.0,8495,-1446637.7120743266,3770.0,8495000,-17.029284427007966,30.159151193633953,69.84084880636605
Azerbaïdjan,52,2602.0,511.0,9413,314615.85653536953,3113.0,9413000,3.3423547916219007,16.41503372952136,83.58496627047863
Bahamas,12,1828.0,842.0,377,37777.075079514536,2670.0,377000,10.020444318173617,31.53558052434457,68.46441947565543
Barbade,14,2248.0,688.0,285,16324.451228624379,2936.0,285000,5.7278776240787295,23.43324250681199,76.566757493188
Belgique,255,2562.0,1175.0,11104,-1840732.807958476,3737.0,11104000,-16.57720468262316,31.442333422531444,68.55766657746855
Belize,23,2200.0,546.0,332,38167.5201361534,2746.0,332000,11.496241004865482,19.883466860888564,80.11653313911144
Bermudes,17,1858.0,810.0,65,6766.905487421264,2668.0,65000,10.410623826801945,30.359820089955026,69.64017991004498
Bosnie-Herzégovine,80,2635.0,521.0,3829,85861.89356139298,3156.0,3829000,2.2424103829039694,16.50823827629911,83.49176172370089
Brunéi Darussalam,26,2343.0,642.0,418,21161.266646241453,2985.0,418000,5.062503982354414,21.50753768844221,78.49246231155779
Brésil,21,2435.0,827.0,200362,-5935112.997299259,3262.0,200362000,-2.9621949258338702,25.352544451256897,74.6474555487431
Bélarus,57,2411.0,838.0,9357,-258735.07777496707,3249.0,9357000,-2.7651499174411356,25.792551554324405,74.2074484456756
Cabo Verde,35,2134.0,471.0,499,77526.35972572093,2605.0,499000,15.536344634413012,18.080614203454896,81.91938579654511
Canada,33,2635.0,864.0,35182,-3055579.275330686,3499.0,35182000,-8.685064167274987,24.692769362675048,75.30723063732495
Chypre,50,1993.0,653.0,1141,143808.52262636748,2646.0,1141000,12.603726785834134,24.678760393046105,75.3212396069539
Croatie,98,2239.0,817.0,4290,76284.47857026203,3056.0,4290000,1.7781929736657816,26.734293193717278,73.26570680628272
Cuba,49,2906.0,496.0,11266,-376040.21759954165,3402.0,11266000,-3.33783257233749,14.579659024103469,85.42034097589654
Danemark,54,2172.0,1194.0,5619,-476830.57414716424,3366.0,5619000,-8.486039760583097,35.47237076648842,64.52762923351159
Dominique,55,2351.0,579.0,72,4997.046487401839,2930.0,72000,6.940342343613665,19.761092150170647,80.23890784982936
Espagne,203,2355.0,818.0,46927,-405970.27835090173,3173.0,46927000,-0.8651102315317445,25.780018909549323,74.21998109045069
Estonie,63,2448.0,800.0,1287,-30938.228750403956,3248.0,1287000,-2.403902777809165,24.63054187192118,75.36945812807882
Fidji,66,2429.0,514.0,881,64140.43542162401,2943.0,881000,7.280412647176391,17.465171593611963,82.53482840638804
Finlande,67,2053.0,1313.0,5426,-515969.0652198994,3366.0,5426000,-9.509197663470317,39.007724301841954,60.992275698158046
France,68,2299.0,1183.0,64291,-7038022.56388795,3482.0,64291000,-10.947135001614456,33.97472716829408,66.02527283170592
Fédération de Russie,185,2517.0,843.0,142834,-7615023.404221394,3360.0,142834000,-5.331380066525753,25.089285714285715,74.91071428571429
Grenade,86,1864.0,578.0,106,19065.471671014,2442.0,106000,17.986294029258488,23.669123669123667,76.33087633087634
Grèce,84,2593.0,801.0,11128,-639737.7191487957,3394.0,11128000,-5.748901142602406,23.600471420153212,76.39952857984679
Guyana,91,2292.0,470.0,800,95413.38614471244,2762.0,800000,11.926673268089054,17.016654598117306,82.98334540188269
Hongrie,97,2149.0,885.0,9955,161511.1594448312,3034.0,9955000,1.6224124504754514,29.169413315754777,70.83058668424522
Irlande,104,2598.0,1004.0,4627,-563369.7243708291,3602.0,4627000,-12.175701845057901,27.873403664630757,72.12659633536924
Islande,99,1884.0,1497.0,330,-37647.75855820676,3381.0,330000,-11.40841168430508,44.27684117125111,55.723158828748886
Israël,105,2793.0,817.0,7733,-839672.3955427138,3610.0,7733000,-10.858300731187299,22.63157894736842,77.36842105263158
Italie,106,2677.0,901.0,60990,-6585593.767926667,3578.0,60990000,-10.797825492583485,25.181665735047513,74.8183342649525
Japon,110,2202.0,545.0,127144,14601113.227417829,2747.0,127144000,11.483918413309183,19.839825263924283,80.16017473607572
Kazakhstan,108,2330.0,932.0,16441,-640173.7720839527,3262.0,16441000,-3.893764199768583,28.57142857142857,71.42857142857143
Kiribati,83,2685.0,357.0,102,6597.602519392056,3042.0,102000,6.468237764109858,11.735700197238659,88.26429980276134
Koweït,118,2794.0,705.0,3369,-248293.66254243988,3499.0,3369000,-7.369951396332439,20.148613889682768,79.85138611031724
Lettonie,119,2266.0,906.0,2050,-33730.81436819892,3172.0,2050000,-1.6454055789365327,28.562421185372006,71.437578814628
Lituanie,126,2432.0,982.0,3017,-233585.0707995001,3414.0,3017000,-7.742296015893274,28.763913298183947,71.23608670181605
Luxembourg,256,2366.0,1174.0,530,-64446.52109174803,3540.0,530000,-12.159720960707176,33.163841807909606,66.8361581920904
Macédoine du Nord,154,2396.0,550.0,2107,144477.97276870025,2946.0,2107000,6.85704664303276,18.6693822131704,81.33061778682959
Maldives,132,1913.0,820.0,345,30676.59843783759,2733.0,345000,8.89176766314133,30.003658982802783,69.99634101719721
Malte,134,2447.0,927.0,429,-27332.049635138414,3374.0,429000,-6.371107141057905,27.474807350326024,72.52519264967397
Maurice,137,2613.0,454.0,1244,61662.514457975376,3067.0,1244000,4.9567937667182775,14.802738832735574,85.19726116726443
Monténégro,273,2368.0,1122.0,621,-65940.1235421378,3490.0,621000,-10.618377381986761,32.14899713467049,67.85100286532952
Norvège,162,2381.0,1102.0,5043,-519238.5785119042,3483.0,5043000,-10.296224043464292,31.63939132931381,68.36060867068619
Nouvelle-Calédonie,153,2062.0,793.0,256,16620.227159521928,2855.0,256000,6.492276234188253,27.775831873905428,72.22416812609457
Nouvelle-Zélande,156,2151.0,985.0,4506,-70791.65520974762,3136.0,4506000,-1.5710531560086025,31.409438775510207,68.5905612244898
Pays-Bas,150,2146.0,1076.0,16759,-719254.0136320533,3222.0,16759000,-4.291747798985938,33.39540657976412,66.60459342023589
Pologne,173,2534.0,916.0,38217,-3057391.8340539755,3450.0,38217000,-8.000083298149974,26.55072463768116,73.44927536231884
Polynésie française,70,2061.0,862.0,277,11909.117917387679,2923.0,277000,4.299320547793386,29.4902497434143,70.5097502565857
Portugal,174,2469.0,1003.0,10608,-978645.4890237261,3472.0,10608000,-9.225541940268911,28.888248847926267,71.11175115207374
Roumanie,183,2568.0,791.0,21699,-1054693.565137187,3359.0,21699000,-4.8605629989270795,23.548675200952665,76.45132479904734
Royaume-Uni,229,2443.0,982.0,63384,-5064407.711604809,3425.0,63384000,-7.990041195892985,28.67153284671533,71.32846715328466
République de Corée,117,2757.0,576.0,49263,-1181370.410623159,3333.0,49263000,-2.398088647916609,17.28172817281728,82.71827182718272
République de Moldova,146,2022.0,693.0,3487,370916.22075385624,2715.0,3487000,10.637115593744085,25.524861878453038,74.47513812154696
Saint-Kitts-et-Nevis,188,1821.0,670.0,54,8547.921819933825,2491.0,54000,15.829484851729305,26.896828582898436,73.10317141710156
Saint-Vincent-et-les Grenadines,191,2377.0,588.0,109,6590.855751996399,2965.0,109000,6.046656653207705,19.831365935919056,80.16863406408095
Sainte-Lucie,189,1820.0,769.0,182,22881.227117769256,2589.0,182000,12.57210281196113,29.70258787176516,70.29741212823484
Samoa,244,2141.0,815.0,190,7659.491633028199,2956.0,190000,4.031311385804315,27.57104194857916,72.42895805142085
Sao Tomé-et-Principe,193,2211.0,187.0,193,45697.36637705814,2398.0,193000,23.677391905211472,7.79816513761468,92.20183486238533
Slovénie,198,2364.0,804.0,2072,-12933.982689445116,3168.0,2072000,-0.6242269637763087,25.37878787878788,74.62121212121212
Suisse,211,2268.0,1125.0,8078,-685784.597208816,3393.0,8078000,-8.489534503699133,33.15649867374005,66.84350132625994
Suriname,207,2374.0,378.0,539,70748.07365211243,2752.0,539000,13.125802161801936,13.73546511627907,86.26453488372093
Suède,210,2127.0,1053.0,9571,-302640.73987619585,3180.0,9571000,-3.16205976257649,33.11320754716981,66.88679245283019
Tadjikistan,208,1929.0,270.0,8208,2244593.4611921334,2199.0,8208000,27.346411564231644,12.278308321964529,87.72169167803547
Tchéquie (la),167,2418.0,837.0,10702,-309524.9544356621,3255.0,10702000,-2.8922159823926563,25.71428571428571,74.28571428571429
Trinité-et-Tobago,220,2414.0,635.0,1341,49115.76370631237,3049.0,1341000,3.6626222003215787,20.826500491964577,79.17349950803542
Turquie,223,3141.0,567.0,74933,-8377008.875920503,3708.0,74933000,-11.179332037847814,15.291262135922329,84.70873786407766
Ukraine,230,2450.0,688.0,45239,508472.38591766113,3138.0,45239000,1.12396911054104,21.924792861695348,78.07520713830465
Uruguay,234,2185.0,867.0,3407,47484.590134983344,3052.0,3407000,1.3937361354559243,28.40760157273919,71.59239842726082
Vanuatu,155,2390.0,443.0,253,26702.298833767403,2833.0,253000,10.554268313742057,15.63713378044476,84.36286621955524
États-Unis d'Amérique,231,2698.0,984.0,320051,-44293314.28973461,3682.0,320051000,-13.839455052393092,26.7246061922868,73.2753938077132
Îles Salomon,25,2187.0,196.0,561,134237.06684502345,2383.0,561000,23.928175908203826,8.224926563155686,91.77507343684431
